FacilityId,InspectionId,,
001cs00000WoDzyAAF,a1Ics00000JYaxNEAT,,"(""001cs00000WoDzyAAF"", ""a1Ics00000JYaxNEAT""),"
001cs00000WoDzyAAF,a1Ics00000K9I0bEAF,,"(""001cs00000WoDzyAAF"", ""a1Ics00000K9I0bEAF""),"
001cs00000WoDzyAAF,a1Ics00000G5WG4EAN,,"(""001cs00000WoDzyAAF"", ""a1Ics00000G5WG4EAN""),"
001cs00000WoDzkAAF,a1Ics00000JZ6cIEAT,,"(""001cs00000WoDzkAAF"", ""a1Ics00000JZ6cIEAT""),"
001cs00000WoDzkAAF,a1Ics00000KK4WzEAL,,"(""001cs00000WoDzkAAF"", ""a1Ics00000KK4WzEAL""),"
001cs00000WoDzkAAF,a1Ics00000G5WFiEAN,,"(""001cs00000WoDzkAAF"", ""a1Ics00000G5WFiEAN""),"
001cs00000WoAt6AAF,a1Ics00000I3XUfEAN,,"(""001cs00000WoAt6AAF"", ""a1Ics00000I3XUfEAN""),"
001cs00000WoCLPAA3,a1Ics00000G5VAQEA3,,"(""001cs00000WoCLPAA3"", ""a1Ics00000G5VAQEA3""),"
001cs00000WoCLPAA3,a1Ics00000G5VAPEA3,,"(""001cs00000WoCLPAA3"", ""a1Ics00000G5VAPEA3""),"
001cs00000WoBr1AAF,a1Ics00000NrcQ6EAJ,,"(""001cs00000WoBr1AAF"", ""a1Ics00000NrcQ6EAJ""),"
001cs00000WoBr1AAF,a1Ics00000NrcbUEAR,,"(""001cs00000WoBr1AAF"", ""a1Ics00000NrcbUEAR""),"
001cs00000WoBr1AAF,a1Ics00000G5ULBEA3,,"(""001cs00000WoBr1AAF"", ""a1Ics00000G5ULBEA3""),"
001cs00000Wo8OtAAJ,a1Ics00000G7SxdEAF,,"(""001cs00000Wo8OtAAJ"", ""a1Ics00000G7SxdEAF""),"
001cs00000Wo8OtAAJ,a1Ics00000G5ZtgEAF,,"(""001cs00000Wo8OtAAJ"", ""a1Ics00000G5ZtgEAF""),"
001cs00000Wo8bUAAR,a1Ics00000G5ZamEAF,,"(""001cs00000Wo8bUAAR"", ""a1Ics00000G5ZamEAF""),"
001cs00000Wo8bUAAR,a1Ics00000G5ZalEAF,,"(""001cs00000Wo8bUAAR"", ""a1Ics00000G5ZalEAF""),"
001cs00000Wo8OrAAJ,a1Ics00000GsXieEAF,,"(""001cs00000Wo8OrAAJ"", ""a1Ics00000GsXieEAF""),"
001cs00000Wo8OrAAJ,a1Ics00000G5ZtdEAF,,"(""001cs00000Wo8OrAAJ"", ""a1Ics00000G5ZtdEAF""),"
001cs00000WoBr0AAF,a1Ics00000G5ULAEA3,,"(""001cs00000WoBr0AAF"", ""a1Ics00000G5ULAEA3""),"
001cs00000WoAt9AAF,a1Ics00000G5TUjEAN,,"(""001cs00000WoAt9AAF"", ""a1Ics00000G5TUjEAN""),"
001cs00000WoDSsAAN,a1Ics00000G5VyKEAV,,"(""001cs00000WoDSsAAN"", ""a1Ics00000G5VyKEAV""),"
001cs00000WoAt8AAF,a1Ics00000G5TUiEAN,,"(""001cs00000WoAt8AAF"", ""a1Ics00000G5TUiEAN""),"
001cs00000Wo4m9AAB,a1Ics00000GbKpwEAF,,"(""001cs00000Wo4m9AAB"", ""a1Ics00000GbKpwEAF""),"
001cs00000Wo9AKAAZ,a1Ics00000G5aMrEAJ,,"(""001cs00000Wo9AKAAZ"", ""a1Ics00000G5aMrEAJ""),"
001cs00000Wo86wAAB,a1Ics00000LMlSPEA1,,"(""001cs00000Wo86wAAB"", ""a1Ics00000LMlSPEA1""),"
001cs00000Wo86wAAB,a1Ics00000G5RtPEAV,,"(""001cs00000Wo86wAAB"", ""a1Ics00000G5RtPEAV""),"
001cs00000Wo9X1AAJ,a1Ics00000HpWDFEA3,,"(""001cs00000Wo9X1AAJ"", ""a1Ics00000HpWDFEA3""),"
001cs00000Wo6GAAAZ,a1Ics00000O0ApZEAV,,"(""001cs00000Wo6GAAAZ"", ""a1Ics00000O0ApZEAV""),"
001cs00000Wo6GAAAZ,a1Ics00000KvQqhEAF,,"(""001cs00000Wo6GAAAZ"", ""a1Ics00000KvQqhEAF""),"
001cs00000WoC6MAAV,a1Ics00000NXWgcEAH,,"(""001cs00000WoC6MAAV"", ""a1Ics00000NXWgcEAH""),"
001cs00000WoC6MAAV,a1Ics00000Le8u1EAB,,"(""001cs00000WoC6MAAV"", ""a1Ics00000Le8u1EAB""),"
001cs00000WoC6MAAV,a1Ics00000G5UzbEAF,,"(""001cs00000WoC6MAAV"", ""a1Ics00000G5UzbEAF""),"
001cs00000WoC6MAAV,a1Ics00000G5UzaEAF,,"(""001cs00000WoC6MAAV"", ""a1Ics00000G5UzaEAF""),"
001cs00000WoC6MAAV,a1Ics00000G5UzYEAV,,"(""001cs00000WoC6MAAV"", ""a1Ics00000G5UzYEAV""),"
001cs00000WoC6MAAV,a1Ics00000G5UzWEAV,,"(""001cs00000WoC6MAAV"", ""a1Ics00000G5UzWEAV""),"
001cs00000WoC6MAAV,a1Ics00000G5UzVEAV,,"(""001cs00000WoC6MAAV"", ""a1Ics00000G5UzVEAV""),"
0018y000008fB0sAAE,a1Ics00000FnWMJEA3,,"(""0018y000008fB0sAAE"", ""a1Ics00000FnWMJEA3""),"
0018y000008fB0sAAE,a1Ics000000xJ23EAE,,"(""0018y000008fB0sAAE"", ""a1Ics000000xJ23EAE""),"
0018y000008fB0sAAE,a1I8y000009zs3CEAQ,,"(""0018y000008fB0sAAE"", ""a1I8y000009zs3CEAQ""),"
0018y000008fB0sAAE,a1I8y000009wa4OEAQ,,"(""0018y000008fB0sAAE"", ""a1I8y000009wa4OEAQ""),"
0018y000008fB0sAAE,a1I8y000009wa4PEAQ,,"(""0018y000008fB0sAAE"", ""a1I8y000009wa4PEAQ""),"
0018y000008fB0sAAE,a1I8y000006uktYEAQ,,"(""0018y000008fB0sAAE"", ""a1I8y000006uktYEAQ""),"
001cs00000WoC6NAAV,a1Ics00000G5UzhEAF,,"(""001cs00000WoC6NAAV"", ""a1Ics00000G5UzhEAF""),"
001cs00000WoC6NAAV,a1Ics00000G5UzfEAF,,"(""001cs00000WoC6NAAV"", ""a1Ics00000G5UzfEAF""),"
001cs00000WoC6NAAV,a1Ics00000G5UzeEAF,,"(""001cs00000WoC6NAAV"", ""a1Ics00000G5UzeEAF""),"
001cs00000WoC6NAAV,a1Ics00000G5UzdEAF,,"(""001cs00000WoC6NAAV"", ""a1Ics00000G5UzdEAF""),"
001cs00000WoB37AAF,a1Ics00000RYxAzEAL,,"(""001cs00000WoB37AAF"", ""a1Ics00000RYxAzEAL""),"
001cs00000WoB37AAF,a1Ics00000QS91NEAT,,"(""001cs00000WoB37AAF"", ""a1Ics00000QS91NEAT""),"
001cs00000WoB37AAF,a1Ics00000JlkXWEAZ,,"(""001cs00000WoB37AAF"", ""a1Ics00000JlkXWEAZ""),"
001cs00000WoB37AAF,a1Ics00000IGfpdEAD,,"(""001cs00000WoB37AAF"", ""a1Ics00000IGfpdEAD""),"
001cs00000WoB37AAF,a1Ics00000I3PtkEAF,,"(""001cs00000WoB37AAF"", ""a1Ics00000I3PtkEAF""),"
001cs00000WoB37AAF,a1Ics00000GoMvNEAV,,"(""001cs00000WoB37AAF"", ""a1Ics00000GoMvNEAV""),"
001cs00000WoB37AAF,a1Ics00000G5To0EAF,,"(""001cs00000WoB37AAF"", ""a1Ics00000G5To0EAF""),"
001cs00000WoB37AAF,a1Ics00000G5TnzEAF,,"(""001cs00000WoB37AAF"", ""a1Ics00000G5TnzEAF""),"
001cs00000WoB37AAF,a1Ics00000G5TnyEAF,,"(""001cs00000WoB37AAF"", ""a1Ics00000G5TnyEAF""),"
001cs00000WoB37AAF,a1Ics00000G5TnvEAF,,"(""001cs00000WoB37AAF"", ""a1Ics00000G5TnvEAF""),"
001cs00000WoB37AAF,a1Ics00000G5TntEAF,,"(""001cs00000WoB37AAF"", ""a1Ics00000G5TntEAF""),"
001cs00000WoB37AAF,a1Ics00000G5TnrEAF,,"(""001cs00000WoB37AAF"", ""a1Ics00000G5TnrEAF""),"
001cs00000WoB37AAF,a1Ics00000G5TnpEAF,,"(""001cs00000WoB37AAF"", ""a1Ics00000G5TnpEAF""),"
001cs00000WoB37AAF,a1Ics00000G5TnnEAF,,"(""001cs00000WoB37AAF"", ""a1Ics00000G5TnnEAF""),"
001cs00000Wo9WaAAJ,a1Ics00000G5SYaEAN,,"(""001cs00000Wo9WaAAJ"", ""a1Ics00000G5SYaEAN""),"
001cs00000Wo9WaAAJ,a1Ics00000G5SYYEA3,,"(""001cs00000Wo9WaAAJ"", ""a1Ics00000G5SYYEA3""),"
001cs00000Wo9WaAAJ,a1Ics00000G5SYXEA3,,"(""001cs00000Wo9WaAAJ"", ""a1Ics00000G5SYXEA3""),"
001cs00000Wo9WaAAJ,a1Ics00000G5SYWEA3,,"(""001cs00000Wo9WaAAJ"", ""a1Ics00000G5SYWEA3""),"
001cs00000Wo9WaAAJ,a1Ics00000G5SYVEA3,,"(""001cs00000Wo9WaAAJ"", ""a1Ics00000G5SYVEA3""),"
001cs00000Wo9WaAAJ,a1Ics00000G5SYUEA3,,"(""001cs00000Wo9WaAAJ"", ""a1Ics00000G5SYUEA3""),"
001cs00000Wo9WaAAJ,a1Ics00000G5SYTEA3,,"(""001cs00000Wo9WaAAJ"", ""a1Ics00000G5SYTEA3""),"
001cs00000WoGW9AAN,a1Ics00000G5YwHEAV,,"(""001cs00000WoGW9AAN"", ""a1Ics00000G5YwHEAV""),"
001cs00000WoGW9AAN,a1Ics00000G5YwGEAV,,"(""001cs00000WoGW9AAN"", ""a1Ics00000G5YwGEAV""),"
001cs00000WoGW9AAN,a1Ics00000G5YwEEAV,,"(""001cs00000WoGW9AAN"", ""a1Ics00000G5YwEEAV""),"
001cs00000WoFldAAF,a1Ics00000G5XUyEAN,,"(""001cs00000WoFldAAF"", ""a1Ics00000G5XUyEAN""),"
001cs00000WoFldAAF,a1Ics00000G5XUxEAN,,"(""001cs00000WoFldAAF"", ""a1Ics00000G5XUxEAN""),"
001cs00000WoFldAAF,a1Ics00000G5XUwEAN,,"(""001cs00000WoFldAAF"", ""a1Ics00000G5XUwEAN""),"
001cs00000WoFldAAF,a1Ics00000G5XUvEAN,,"(""001cs00000WoFldAAF"", ""a1Ics00000G5XUvEAN""),"
001cs00000WoFldAAF,a1Ics00000G5XUtEAN,,"(""001cs00000WoFldAAF"", ""a1Ics00000G5XUtEAN""),"
001cs00000WoFldAAF,a1Ics00000G5XUrEAN,,"(""001cs00000WoFldAAF"", ""a1Ics00000G5XUrEAN""),"
001cs00000Wo6bUAAR,a1Ics00000G5Q7aEAF,,"(""001cs00000Wo6bUAAR"", ""a1Ics00000G5Q7aEAF""),"
001cs00000Wo6bUAAR,a1Ics00000G5Q7ZEAV,,"(""001cs00000Wo6bUAAR"", ""a1Ics00000G5Q7ZEAV""),"
001cs00000Wo6bUAAR,a1Ics00000G5Q7XEAV,,"(""001cs00000Wo6bUAAR"", ""a1Ics00000G5Q7XEAV""),"
001cs00000Wo6bUAAR,a1Ics00000G5Q7VEAV,,"(""001cs00000Wo6bUAAR"", ""a1Ics00000G5Q7VEAV""),"
001cs00000WoB38AAF,a1Ics00000PLgibEAD,,"(""001cs00000WoB38AAF"", ""a1Ics00000PLgibEAD""),"
001cs00000WoB38AAF,a1Ics00000G5To7EAF,,"(""001cs00000WoB38AAF"", ""a1Ics00000G5To7EAF""),"
001cs00000WoB38AAF,a1Ics00000G5To6EAF,,"(""001cs00000WoB38AAF"", ""a1Ics00000G5To6EAF""),"
001cs00000WoB38AAF,a1Ics00000G5To5EAF,,"(""001cs00000WoB38AAF"", ""a1Ics00000G5To5EAF""),"
001cs00000WoB38AAF,a1Ics00000G5To3EAF,,"(""001cs00000WoB38AAF"", ""a1Ics00000G5To3EAF""),"
001cs00000Wo540AAB,a1Ics00000G5PNOEA3,,"(""001cs00000Wo540AAB"", ""a1Ics00000G5PNOEA3""),"
001cs00000Wo540AAB,a1Ics00000G5PNKEA3,,"(""001cs00000Wo540AAB"", ""a1Ics00000G5PNKEA3""),"
001cs00000Wo540AAB,a1Ics00000G5PNJEA3,,"(""001cs00000Wo540AAB"", ""a1Ics00000G5PNJEA3""),"
001cs00000Wo540AAB,a1Ics00000G5PNIEA3,,"(""001cs00000Wo540AAB"", ""a1Ics00000G5PNIEA3""),"
001cs00000Wo540AAB,a1Ics00000G5PNGEA3,,"(""001cs00000Wo540AAB"", ""a1Ics00000G5PNGEA3""),"
001cs00000Wo540AAB,a1Ics00000G5PNEEA3,,"(""001cs00000Wo540AAB"", ""a1Ics00000G5PNEEA3""),"
001cs00000Wo540AAB,a1Ics00000G5PNDEA3,,"(""001cs00000Wo540AAB"", ""a1Ics00000G5PNDEA3""),"
001cs00000Wo540AAB,a1Ics00000G5PNCEA3,,"(""001cs00000Wo540AAB"", ""a1Ics00000G5PNCEA3""),"
001cs00000Wo540AAB,a1Ics00000G5PNAEA3,,"(""001cs00000Wo540AAB"", ""a1Ics00000G5PNAEA3""),"
001cs00000Wo540AAB,a1Ics00000G5PN9EAN,,"(""001cs00000Wo540AAB"", ""a1Ics00000G5PN9EAN""),"
001cs00000Wo540AAB,a1Ics00000G5PN7EAN,,"(""001cs00000Wo540AAB"", ""a1Ics00000G5PN7EAN""),"
001cs00000WnyTQAAZ,a1Ics00000G5OkPEAV,,"(""001cs00000WnyTQAAZ"", ""a1Ics00000G5OkPEAV""),"
001cs00000WnyTQAAZ,a1Ics00000G5OkOEAV,,"(""001cs00000WnyTQAAZ"", ""a1Ics00000G5OkOEAV""),"
001cs00000WnyTQAAZ,a1Ics00000G5OkNEAV,,"(""001cs00000WnyTQAAZ"", ""a1Ics00000G5OkNEAV""),"
001cs00000WnyTQAAZ,a1Ics00000G5OkMEAV,,"(""001cs00000WnyTQAAZ"", ""a1Ics00000G5OkMEAV""),"
001cs00000WnyTRAAZ,a1Ics00000G5OkXEAV,,"(""001cs00000WnyTRAAZ"", ""a1Ics00000G5OkXEAV""),"
001cs00000WnyTRAAZ,a1Ics00000G5OkWEAV,,"(""001cs00000WnyTRAAZ"", ""a1Ics00000G5OkWEAV""),"
001cs00000WnyTRAAZ,a1Ics00000G5OkVEAV,,"(""001cs00000WnyTRAAZ"", ""a1Ics00000G5OkVEAV""),"
001cs00000WnyTRAAZ,a1Ics00000G5OkUEAV,,"(""001cs00000WnyTRAAZ"", ""a1Ics00000G5OkUEAV""),"
001cs00000WoGWAAA3,a1Ics00000G5YwNEAV,,"(""001cs00000WoGWAAA3"", ""a1Ics00000G5YwNEAV""),"
001cs00000WoGWAAA3,a1Ics00000G5YwLEAV,,"(""001cs00000WoGWAAA3"", ""a1Ics00000G5YwLEAV""),"
001cs00000WoGWAAA3,a1Ics00000G5YwJEAV,,"(""001cs00000WoGWAAA3"", ""a1Ics00000G5YwJEAV""),"
001cs00000WnyTeAAJ,a1Ics00000NWZJxEAP,,"(""001cs00000WnyTeAAJ"", ""a1Ics00000NWZJxEAP""),"
001cs00000WnyTeAAJ,a1Ics00000G5Oj8EAF,,"(""001cs00000WnyTeAAJ"", ""a1Ics00000G5Oj8EAF""),"
001cs00000WnyTeAAJ,a1Ics00000G5Oj7EAF,,"(""001cs00000WnyTeAAJ"", ""a1Ics00000G5Oj7EAF""),"
001cs00000WnyTeAAJ,a1Ics00000G5Oj5EAF,,"(""001cs00000WnyTeAAJ"", ""a1Ics00000G5Oj5EAF""),"
001cs00000WnyTfAAJ,a1Ics00000G5OjGEAV,,"(""001cs00000WnyTfAAJ"", ""a1Ics00000G5OjGEAV""),"
001cs00000WnyTfAAJ,a1Ics00000G5OjFEAV,,"(""001cs00000WnyTfAAJ"", ""a1Ics00000G5OjFEAV""),"
001cs00000WnyTgAAJ,a1Ics00000G5OjNEAV,,"(""001cs00000WnyTgAAJ"", ""a1Ics00000G5OjNEAV""),"
001cs00000WnyTgAAJ,a1Ics00000G5OjMEAV,,"(""001cs00000WnyTgAAJ"", ""a1Ics00000G5OjMEAV""),"
001cs00000WoEFPAA3,a1Ics00000G5WZfEAN,,"(""001cs00000WoEFPAA3"", ""a1Ics00000G5WZfEAN""),"
001cs00000WoEFPAA3,a1Ics00000G5WZdEAN,,"(""001cs00000WoEFPAA3"", ""a1Ics00000G5WZdEAN""),"
001cs00000WoEFQAA3,a1Ics00000G5WZjEAN,,"(""001cs00000WoEFQAA3"", ""a1Ics00000G5WZjEAN""),"
001cs00000WoEFQAA3,a1Ics00000G5WZhEAN,,"(""001cs00000WoEFQAA3"", ""a1Ics00000G5WZhEAN""),"
001cs00000WoEFLAA3,a1Ics00000G5WZNEA3,,"(""001cs00000WoEFLAA3"", ""a1Ics00000G5WZNEA3""),"
001cs00000WoEFLAA3,a1Ics00000G5WZMEA3,,"(""001cs00000WoEFLAA3"", ""a1Ics00000G5WZMEA3""),"
001cs00000WoEFLAA3,a1Ics00000G5WZKEA3,,"(""001cs00000WoEFLAA3"", ""a1Ics00000G5WZKEA3""),"
001cs00000WoEFMAA3,a1Ics00000GZHBFEA5,,"(""001cs00000WoEFMAA3"", ""a1Ics00000GZHBFEA5""),"
001cs00000WoEFMAA3,a1Ics00000G5WZTEA3,,"(""001cs00000WoEFMAA3"", ""a1Ics00000G5WZTEA3""),"
001cs00000WoEFMAA3,a1Ics00000G5WZSEA3,,"(""001cs00000WoEFMAA3"", ""a1Ics00000G5WZSEA3""),"
001cs00000WoEFMAA3,a1Ics00000G5WZQEA3,,"(""001cs00000WoEFMAA3"", ""a1Ics00000G5WZQEA3""),"
001cs00000WoEFOAA3,a1Ics00000H7TgDEAV,,"(""001cs00000WoEFOAA3"", ""a1Ics00000H7TgDEAV""),"
001cs00000WoEFOAA3,a1Ics00000G5WZbEAN,,"(""001cs00000WoEFOAA3"", ""a1Ics00000G5WZbEAN""),"
001cs00000WoEFOAA3,a1Ics00000G5WZZEA3,,"(""001cs00000WoEFOAA3"", ""a1Ics00000G5WZZEA3""),"
001cs00000WnyTSAAZ,a1Ics00000G5OkaEAF,,"(""001cs00000WnyTSAAZ"", ""a1Ics00000G5OkaEAF""),"
001cs00000WnyTSAAZ,a1Ics00000G5OkZEAV,,"(""001cs00000WnyTSAAZ"", ""a1Ics00000G5OkZEAV""),"
001cs00000WoEFRAA3,a1Ics00000G5WZtEAN,,"(""001cs00000WoEFRAA3"", ""a1Ics00000G5WZtEAN""),"
001cs00000WoEFRAA3,a1Ics00000G5WZrEAN,,"(""001cs00000WoEFRAA3"", ""a1Ics00000G5WZrEAN""),"
001cs00000WnyThAAJ,a1Ics00000N4VMXEA3,,"(""001cs00000WnyThAAJ"", ""a1Ics00000N4VMXEA3""),"
001cs00000WnyThAAJ,a1Ics00000G5OjVEAV,,"(""001cs00000WnyThAAJ"", ""a1Ics00000G5OjVEAV""),"
001cs00000WnyThAAJ,a1Ics00000G5OjTEAV,,"(""001cs00000WnyThAAJ"", ""a1Ics00000G5OjTEAV""),"
001cs00000WnyTiAAJ,a1Ics00000IWzpNEAT,,"(""001cs00000WnyTiAAJ"", ""a1Ics00000IWzpNEAT""),"
001cs00000WnyTiAAJ,a1Ics00000G5OjcEAF,,"(""001cs00000WnyTiAAJ"", ""a1Ics00000G5OjcEAF""),"
001cs00000WnyTiAAJ,a1Ics00000G5OjbEAF,,"(""001cs00000WnyTiAAJ"", ""a1Ics00000G5OjbEAF""),"
001cs00000WnyTjAAJ,a1Ics00000NWa7xEAD,,"(""001cs00000WnyTjAAJ"", ""a1Ics00000NWa7xEAD""),"
001cs00000WnyTjAAJ,a1Ics00000G5OjpEAF,,"(""001cs00000WnyTjAAJ"", ""a1Ics00000G5OjpEAF""),"
001cs00000WnyTjAAJ,a1Ics00000G5OjnEAF,,"(""001cs00000WnyTjAAJ"", ""a1Ics00000G5OjnEAF""),"
001cs00000WnyTjAAJ,a1Ics00000G5OjmEAF,,"(""001cs00000WnyTjAAJ"", ""a1Ics00000G5OjmEAF""),"
001cs00000WnyTjAAJ,a1Ics00000G5OjkEAF,,"(""001cs00000WnyTjAAJ"", ""a1Ics00000G5OjkEAF""),"
001cs00000Wo8dxAAB,a1Ics00000G5ZjXEAV,,"(""001cs00000Wo8dxAAB"", ""a1Ics00000G5ZjXEAV""),"
001cs00000Wo8dxAAB,a1Ics00000G5ZjWEAV,,"(""001cs00000Wo8dxAAB"", ""a1Ics00000G5ZjWEAV""),"
001cs00000Wo8dxAAB,a1Ics00000G5ZjVEAV,,"(""001cs00000Wo8dxAAB"", ""a1Ics00000G5ZjVEAV""),"
001cs00000WoCXnAAN,a1Ics00000GbKt0EAF,,"(""001cs00000WoCXnAAN"", ""a1Ics00000GbKt0EAF""),"
001cs00000WoCXnAAN,a1Ics00000G5VK8EAN,,"(""001cs00000WoCXnAAN"", ""a1Ics00000G5VK8EAN""),"
001cs00000WoCXnAAN,a1Ics00000G5VK6EAN,,"(""001cs00000WoCXnAAN"", ""a1Ics00000G5VK6EAN""),"
001cs00000WoCXoAAN,a1Ics00000G5VKBEA3,,"(""001cs00000WoCXoAAN"", ""a1Ics00000G5VKBEA3""),"
001cs00000WoCXoAAN,a1Ics00000G5VKAEA3,,"(""001cs00000WoCXoAAN"", ""a1Ics00000G5VKAEA3""),"
001cs00000Wo5XmAAJ,a1Ics00000G5PujEAF,,"(""001cs00000Wo5XmAAJ"", ""a1Ics00000G5PujEAF""),"
001cs00000Wo5XmAAJ,a1Ics00000G5PuhEAF,,"(""001cs00000Wo5XmAAJ"", ""a1Ics00000G5PuhEAF""),"
001cs00000Wo5XmAAJ,a1Ics00000G5PugEAF,,"(""001cs00000Wo5XmAAJ"", ""a1Ics00000G5PugEAF""),"
001cs00000Wo5XmAAJ,a1Ics00000G5PueEAF,,"(""001cs00000Wo5XmAAJ"", ""a1Ics00000G5PueEAF""),"
001cs00000Wo8dyAAB,a1Ics00000G5ZjiEAF,,"(""001cs00000Wo8dyAAB"", ""a1Ics00000G5ZjiEAF""),"
001cs00000Wo8dyAAB,a1Ics00000G5ZjgEAF,,"(""001cs00000Wo8dyAAB"", ""a1Ics00000G5ZjgEAF""),"
001cs00000Wo8dyAAB,a1Ics00000G5ZjfEAF,,"(""001cs00000Wo8dyAAB"", ""a1Ics00000G5ZjfEAF""),"
001cs00000Wo8wBAAR,a1Ics00000G5a88EAB,,"(""001cs00000Wo8wBAAR"", ""a1Ics00000G5a88EAB""),"
001cs00000Wo8wBAAR,a1Ics00000G5a86EAB,,"(""001cs00000Wo8wBAAR"", ""a1Ics00000G5a86EAB""),"
001cs00000WoGguAAF,a1Ics00000G5YSTEA3,,"(""001cs00000WoGguAAF"", ""a1Ics00000G5YSTEA3""),"
001cs00000WoGguAAF,a1Ics00000G5YSREA3,,"(""001cs00000WoGguAAF"", ""a1Ics00000G5YSREA3""),"
001cs00000WoGguAAF,a1Ics00000G5YSQEA3,,"(""001cs00000WoGguAAF"", ""a1Ics00000G5YSQEA3""),"
001cs00000WoCXcAAN,a1Ics00000GGiQWEA1,,"(""001cs00000WoCXcAAN"", ""a1Ics00000GGiQWEA1""),"
001cs00000WoCXcAAN,a1Ics00000G5VJ6EAN,,"(""001cs00000WoCXcAAN"", ""a1Ics00000G5VJ6EAN""),"
001cs00000WoCXcAAN,a1Ics00000G5VJ4EAN,,"(""001cs00000WoCXcAAN"", ""a1Ics00000G5VJ4EAN""),"
001cs00000WoCXdAAN,a1Ics00000RgYKHEA3,,"(""001cs00000WoCXdAAN"", ""a1Ics00000RgYKHEA3""),"
001cs00000WoCXdAAN,a1Ics00000G5VJFEA3,,"(""001cs00000WoCXdAAN"", ""a1Ics00000G5VJFEA3""),"
001cs00000WoCXdAAN,a1Ics00000G5VJDEA3,,"(""001cs00000WoCXdAAN"", ""a1Ics00000G5VJDEA3""),"
001cs00000WoCXdAAN,a1Ics00000G5VJBEA3,,"(""001cs00000WoCXdAAN"", ""a1Ics00000G5VJBEA3""),"
001cs00000WoCXdAAN,a1Ics00000G5VJ9EAN,,"(""001cs00000WoCXdAAN"", ""a1Ics00000G5VJ9EAN""),"
001cs00000Wo8e0AAB,a1Ics00000G5Zk4EAF,,"(""001cs00000Wo8e0AAB"", ""a1Ics00000G5Zk4EAF""),"
001cs00000Wo8e0AAB,a1Ics00000G5Zk3EAF,,"(""001cs00000Wo8e0AAB"", ""a1Ics00000G5Zk3EAF""),"
001cs00000Wo8e0AAB,a1Ics00000G5Zk2EAF,,"(""001cs00000Wo8e0AAB"", ""a1Ics00000G5Zk2EAF""),"
001cs00000WnyTaAAJ,a1Ics00000OvGjnEAF,,"(""001cs00000WnyTaAAJ"", ""a1Ics00000OvGjnEAF""),"
001cs00000WnyTaAAJ,a1Ics00000G5OipEAF,,"(""001cs00000WnyTaAAJ"", ""a1Ics00000G5OipEAF""),"
001cs00000WnyTaAAJ,a1Ics00000G5OinEAF,,"(""001cs00000WnyTaAAJ"", ""a1Ics00000G5OinEAF""),"
001cs00000WoCXeAAN,a1Ics00000G5VJIEA3,,"(""001cs00000WoCXeAAN"", ""a1Ics00000G5VJIEA3""),"
001cs00000WnyTdAAJ,a1Ics00000G5OizEAF,,"(""001cs00000WnyTdAAJ"", ""a1Ics00000G5OizEAF""),"
001cs00000WnyTdAAJ,a1Ics00000G5OiyEAF,,"(""001cs00000WnyTdAAJ"", ""a1Ics00000G5OiyEAF""),"
001cs00000WoC3jAAF,a1Ics00000G5UnuEAF,,"(""001cs00000WoC3jAAF"", ""a1Ics00000G5UnuEAF""),"
001cs00000WoC3jAAF,a1Ics00000G5UntEAF,,"(""001cs00000WoC3jAAF"", ""a1Ics00000G5UntEAF""),"
001cs00000WoC3jAAF,a1Ics00000G5UnsEAF,,"(""001cs00000WoC3jAAF"", ""a1Ics00000G5UnsEAF""),"
001cs00000WoC3jAAF,a1Ics00000G5UnrEAF,,"(""001cs00000WoC3jAAF"", ""a1Ics00000G5UnrEAF""),"
001cs00000WoC3jAAF,a1Ics00000G5UnqEAF,,"(""001cs00000WoC3jAAF"", ""a1Ics00000G5UnqEAF""),"
001cs00000WoC3jAAF,a1Ics00000G5UnpEAF,,"(""001cs00000WoC3jAAF"", ""a1Ics00000G5UnpEAF""),"
001cs00000WoC3jAAF,a1Ics00000G5UnoEAF,,"(""001cs00000WoC3jAAF"", ""a1Ics00000G5UnoEAF""),"
001cs00000WoC3jAAF,a1Ics00000G5UnnEAF,,"(""001cs00000WoC3jAAF"", ""a1Ics00000G5UnnEAF""),"
001cs00000WoC3jAAF,a1Ics00000G5UnlEAF,,"(""001cs00000WoC3jAAF"", ""a1Ics00000G5UnlEAF""),"
001cs00000WoC3jAAF,a1Ics00000G5UnkEAF,,"(""001cs00000WoC3jAAF"", ""a1Ics00000G5UnkEAF""),"
001cs00000WoC3jAAF,a1Ics00000G5UnjEAF,,"(""001cs00000WoC3jAAF"", ""a1Ics00000G5UnjEAF""),"
001cs00000WoC3jAAF,a1Ics00000G5UnhEAF,,"(""001cs00000WoC3jAAF"", ""a1Ics00000G5UnhEAF""),"
001cs00000WoC3jAAF,a1Ics00000G5UngEAF,,"(""001cs00000WoC3jAAF"", ""a1Ics00000G5UngEAF""),"
001cs00000WoC3jAAF,a1Ics00000G5UnfEAF,,"(""001cs00000WoC3jAAF"", ""a1Ics00000G5UnfEAF""),"
001cs00000WoC3jAAF,a1Ics00000G5UncEAF,,"(""001cs00000WoC3jAAF"", ""a1Ics00000G5UncEAF""),"
001cs00000WoC3jAAF,a1Ics00000G5UndEAF,,"(""001cs00000WoC3jAAF"", ""a1Ics00000G5UndEAF""),"
001cs00000WoC3jAAF,a1Ics00000G5UnaEAF,,"(""001cs00000WoC3jAAF"", ""a1Ics00000G5UnaEAF""),"
001cs00000WnyTbAAJ,a1Ics00000G5OiuEAF,,"(""001cs00000WnyTbAAJ"", ""a1Ics00000G5OiuEAF""),"
001cs00000WnyTbAAJ,a1Ics00000G5OisEAF,,"(""001cs00000WnyTbAAJ"", ""a1Ics00000G5OisEAF""),"
001cs00000WoCXfAAN,a1Ics00000OgNtdEAF,,"(""001cs00000WoCXfAAN"", ""a1Ics00000OgNtdEAF""),"
001cs00000WoCXfAAN,a1Ics00000G5VJOEA3,,"(""001cs00000WoCXfAAN"", ""a1Ics00000G5VJOEA3""),"
001cs00000WoCXfAAN,a1Ics00000G5VJMEA3,,"(""001cs00000WoCXfAAN"", ""a1Ics00000G5VJMEA3""),"
001cs00000WoBcdAAF,a1Ics00000R4bsfEAB,,"(""001cs00000WoBcdAAF"", ""a1Ics00000R4bsfEAB""),"
001cs00000WoBcdAAF,a1Ics00000JCqUXEA1,,"(""001cs00000WoBcdAAF"", ""a1Ics00000JCqUXEA1""),"
001cs00000WoBcdAAF,a1Ics00000H68ynEAB,,"(""001cs00000WoBcdAAF"", ""a1Ics00000H68ynEAB""),"
001cs00000WoBcdAAF,a1Ics00000G5Tp2EAF,,"(""001cs00000WoBcdAAF"", ""a1Ics00000G5Tp2EAF""),"
001cs00000WoBcdAAF,a1Ics00000G5Tp0EAF,,"(""001cs00000WoBcdAAF"", ""a1Ics00000G5Tp0EAF""),"
001cs00000WoCJYAA3,a1Ics00000L3R2oEAF,,"(""001cs00000WoCJYAA3"", ""a1Ics00000L3R2oEAF""),"
001cs00000WoCJYAA3,a1Ics00000G5V66EAF,,"(""001cs00000WoCJYAA3"", ""a1Ics00000G5V66EAF""),"
001cs00000WoCJYAA3,a1Ics00000G5V64EAF,,"(""001cs00000WoCJYAA3"", ""a1Ics00000G5V64EAF""),"
001cs00000WoFmHAAV,a1Ics00000KDcK5EAL,,"(""001cs00000WoFmHAAV"", ""a1Ics00000KDcK5EAL""),"
001cs00000WoFmHAAV,a1Ics00000H9bY1EAJ,,"(""001cs00000WoFmHAAV"", ""a1Ics00000H9bY1EAJ""),"
001cs00000WoFmHAAV,a1Ics00000G5Xh6EAF,,"(""001cs00000WoFmHAAV"", ""a1Ics00000G5Xh6EAF""),"
001cs00000WoFmHAAV,a1Ics00000G5Xh4EAF,,"(""001cs00000WoFmHAAV"", ""a1Ics00000G5Xh4EAF""),"
001cs00000WoFmHAAV,a1Ics00000G5Xh2EAF,,"(""001cs00000WoFmHAAV"", ""a1Ics00000G5Xh2EAF""),"
001cs00000WoFmHAAV,a1Ics00000G5Xh1EAF,,"(""001cs00000WoFmHAAV"", ""a1Ics00000G5Xh1EAF""),"
001cs00000WoFmHAAV,a1Ics00000G5Xh0EAF,,"(""001cs00000WoFmHAAV"", ""a1Ics00000G5Xh0EAF""),"
001cs00000WoFmHAAV,a1Ics00000G5XgyEAF,,"(""001cs00000WoFmHAAV"", ""a1Ics00000G5XgyEAF""),"
001cs00000WoFmHAAV,a1Ics00000G5XgwEAF,,"(""001cs00000WoFmHAAV"", ""a1Ics00000G5XgwEAF""),"
001cs00000WoFmHAAV,a1Ics00000G5XguEAF,,"(""001cs00000WoFmHAAV"", ""a1Ics00000G5XguEAF""),"
001cs00000WoFmHAAV,a1Ics00000G5XgtEAF,,"(""001cs00000WoFmHAAV"", ""a1Ics00000G5XgtEAF""),"
001cs00000WoEiXAAV,a1Ics00000G5WgKEAV,,"(""001cs00000WoEiXAAV"", ""a1Ics00000G5WgKEAV""),"
001cs00000WoCJoAAN,a1Ics00000GbKrFEAV,,"(""001cs00000WoCJoAAN"", ""a1Ics00000GbKrFEAV""),"
001cs00000WoCJoAAN,a1Ics00000G5V0hEAF,,"(""001cs00000WoCJoAAN"", ""a1Ics00000G5V0hEAF""),"
001cs00000WoCJoAAN,a1Ics00000G5V0gEAF,,"(""001cs00000WoCJoAAN"", ""a1Ics00000G5V0gEAF""),"
001cs00000WoCJoAAN,a1Ics00000G5V0fEAF,,"(""001cs00000WoCJoAAN"", ""a1Ics00000G5V0fEAF""),"
001cs00000WoESjAAN,a1Ics00000Pk8DtEAJ,,"(""001cs00000WoESjAAN"", ""a1Ics00000Pk8DtEAJ""),"
001cs00000WoESjAAN,a1Ics00000G5WsjEAF,,"(""001cs00000WoESjAAN"", ""a1Ics00000G5WsjEAF""),"
001cs00000WoESjAAN,a1Ics00000G5WsiEAF,,"(""001cs00000WoESjAAN"", ""a1Ics00000G5WsiEAF""),"
001cs00000WoESjAAN,a1Ics00000G5WshEAF,,"(""001cs00000WoESjAAN"", ""a1Ics00000G5WshEAF""),"
001cs00000Wo6s4AAB,a1Ics00000G5QOVEA3,,"(""001cs00000Wo6s4AAB"", ""a1Ics00000G5QOVEA3""),"
001cs00000Wo87nAAB,a1Ics00000HgRq2EAF,,"(""001cs00000Wo87nAAB"", ""a1Ics00000HgRq2EAF""),"
001cs00000Wo87nAAB,a1Ics00000G5RyZEAV,,"(""001cs00000Wo87nAAB"", ""a1Ics00000G5RyZEAV""),"
001cs00000Wo87nAAB,a1Ics00000G5RyXEAV,,"(""001cs00000Wo87nAAB"", ""a1Ics00000G5RyXEAV""),"
001cs00000WoEyqAAF,a1Ics00000GBMVREA5,,"(""001cs00000WoEyqAAF"", ""a1Ics00000GBMVREA5""),"
001cs00000WoEyqAAF,a1Ics00000G5X6MEAV,,"(""001cs00000WoEyqAAF"", ""a1Ics00000G5X6MEAV""),"
001cs00000WoEyqAAF,a1Ics00000G5X6KEAV,,"(""001cs00000WoEyqAAF"", ""a1Ics00000G5X6KEAV""),"
001cs00000Wo8dzAAB,a1Ics00000G5ZjoEAF,,"(""001cs00000Wo8dzAAB"", ""a1Ics00000G5ZjoEAF""),"
001cs00000WoCXgAAN,a1Ics00000G5VJSEA3,,"(""001cs00000WoCXgAAN"", ""a1Ics00000G5VJSEA3""),"
001cs00000WoCXgAAN,a1Ics00000G5VJQEA3,,"(""001cs00000WoCXgAAN"", ""a1Ics00000G5VJQEA3""),"
001cs00000WoDTqAAN,a1Ics00000G5W3mEAF,,"(""001cs00000WoDTqAAN"", ""a1Ics00000G5W3mEAF""),"
001cs00000WoDTqAAN,a1Ics00000G5W3lEAF,,"(""001cs00000WoDTqAAN"", ""a1Ics00000G5W3lEAF""),"
001cs00000WoDTqAAN,a1Ics00000G5W3jEAF,,"(""001cs00000WoDTqAAN"", ""a1Ics00000G5W3jEAF""),"
001cs00000WoGgvAAF,a1Ics00000IcTD7EAN,,"(""001cs00000WoGgvAAF"", ""a1Ics00000IcTD7EAN""),"
001cs00000WoGgvAAF,a1Ics00000G5YSWEA3,,"(""001cs00000WoGgvAAF"", ""a1Ics00000G5YSWEA3""),"
001cs00000WoGgvAAF,a1Ics00000G5YSUEA3,,"(""001cs00000WoGgvAAF"", ""a1Ics00000G5YSUEA3""),"
001cs00000WoCXhAAN,a1Ics00000G5VJbEAN,,"(""001cs00000WoCXhAAN"", ""a1Ics00000G5VJbEAN""),"
001cs00000WoCXhAAN,a1Ics00000G5VJZEA3,,"(""001cs00000WoCXhAAN"", ""a1Ics00000G5VJZEA3""),"
001cs00000WoCXhAAN,a1Ics00000G5VJXEA3,,"(""001cs00000WoCXhAAN"", ""a1Ics00000G5VJXEA3""),"
001cs00000Wo6bWAAR,a1Ics00000G5Q7fEAF,,"(""001cs00000Wo6bWAAR"", ""a1Ics00000G5Q7fEAF""),"
001cs00000Wo6bWAAR,a1Ics00000G5Q7dEAF,,"(""001cs00000Wo6bWAAR"", ""a1Ics00000G5Q7dEAF""),"
001cs00000WoCXiAAN,a1Ics00000G5VJeEAN,,"(""001cs00000WoCXiAAN"", ""a1Ics00000G5VJeEAN""),"
001cs00000WoCXiAAN,a1Ics00000G5VJcEAN,,"(""001cs00000WoCXiAAN"", ""a1Ics00000G5VJcEAN""),"
001cs00000Wo8w9AAB,a1Ics00000G5a7uEAB,,"(""001cs00000Wo8w9AAB"", ""a1Ics00000G5a7uEAB""),"
001cs00000Wo8w9AAB,a1Ics00000G5a7tEAB,,"(""001cs00000Wo8w9AAB"", ""a1Ics00000G5a7tEAB""),"
001cs00000Wo8w9AAB,a1Ics00000G5a7rEAB,,"(""001cs00000Wo8w9AAB"", ""a1Ics00000G5a7rEAB""),"
001cs00000Wo8w9AAB,a1Ics00000G5a7pEAB,,"(""001cs00000Wo8w9AAB"", ""a1Ics00000G5a7pEAB""),"
001cs00000Wo5bxAAB,a1Ics00000GZMajEAH,,"(""001cs00000Wo5bxAAB"", ""a1Ics00000GZMajEAH""),"
001cs00000Wo5bxAAB,a1Ics00000G5PZ3EAN,,"(""001cs00000Wo5bxAAB"", ""a1Ics00000G5PZ3EAN""),"
001cs00000Wo5bxAAB,a1Ics00000G5PZ1EAN,,"(""001cs00000Wo5bxAAB"", ""a1Ics00000G5PZ1EAN""),"
001cs00000Wo5H5AAJ,a1Ics00000J3oC2EAJ,,"(""001cs00000Wo5H5AAJ"", ""a1Ics00000J3oC2EAJ""),"
001cs00000Wo5H5AAJ,a1Ics00000J3oC3EAJ,,"(""001cs00000Wo5H5AAJ"", ""a1Ics00000J3oC3EAJ""),"
001cs00000Wo5H5AAJ,a1Ics00000G5Pp9EAF,,"(""001cs00000Wo5H5AAJ"", ""a1Ics00000G5Pp9EAF""),"
001cs00000Wo5H5AAJ,a1Ics00000G5Pp7EAF,,"(""001cs00000Wo5H5AAJ"", ""a1Ics00000G5Pp7EAF""),"
001cs00000Wo5H5AAJ,a1Ics00000G5Pp5EAF,,"(""001cs00000Wo5H5AAJ"", ""a1Ics00000G5Pp5EAF""),"
001cs00000Wo5H5AAJ,a1Ics00000G5Pp3EAF,,"(""001cs00000Wo5H5AAJ"", ""a1Ics00000G5Pp3EAF""),"
001cs00000WoCJZAA3,a1Ics00000I8N0HEAV,,"(""001cs00000WoCJZAA3"", ""a1Ics00000I8N0HEAV""),"
001cs00000WoCJZAA3,a1Ics00000G5V6EEAV,,"(""001cs00000WoCJZAA3"", ""a1Ics00000G5V6EEAV""),"
001cs00000WoCJZAA3,a1Ics00000G5V6CEAV,,"(""001cs00000WoCJZAA3"", ""a1Ics00000G5V6CEAV""),"
001cs00000Wo9rKAAR,a1Ics00000GTUhREAX,,"(""001cs00000Wo9rKAAR"", ""a1Ics00000GTUhREAX""),"
001cs00000Wo9rKAAR,a1Ics00000G5SRXEA3,,"(""001cs00000Wo9rKAAR"", ""a1Ics00000G5SRXEA3""),"
001cs00000Wo9rKAAR,a1Ics00000G5SRVEA3,,"(""001cs00000Wo9rKAAR"", ""a1Ics00000G5SRVEA3""),"
001cs00000Wo9rKAAR,a1Ics00000G5SRTEA3,,"(""001cs00000Wo9rKAAR"", ""a1Ics00000G5SRTEA3""),"
001cs00000WoCXjAAN,a1Ics00000LkCoVEAV,,"(""001cs00000WoCXjAAN"", ""a1Ics00000LkCoVEAV""),"
001cs00000WoCXjAAN,a1Ics00000G5VJkEAN,,"(""001cs00000WoCXjAAN"", ""a1Ics00000G5VJkEAN""),"
001cs00000WoCXjAAN,a1Ics00000G5VJiEAN,,"(""001cs00000WoCXjAAN"", ""a1Ics00000G5VJiEAN""),"
001cs00000Wo8OoAAJ,a1Ics00000G5ZtSEAV,,"(""001cs00000Wo8OoAAJ"", ""a1Ics00000G5ZtSEAV""),"
001cs00000Wo8OoAAJ,a1Ics00000G5ZtQEAV,,"(""001cs00000Wo8OoAAJ"", ""a1Ics00000G5ZtQEAV""),"
001cs00000Wo8OoAAJ,a1Ics00000G5ZtOEAV,,"(""001cs00000Wo8OoAAJ"", ""a1Ics00000G5ZtOEAV""),"
001cs00000Wo9X0AAJ,a1Ics00000G5SdoEAF,,"(""001cs00000Wo9X0AAJ"", ""a1Ics00000G5SdoEAF""),"
001cs00000Wo9X0AAJ,a1Ics00000G5SdmEAF,,"(""001cs00000Wo9X0AAJ"", ""a1Ics00000G5SdmEAF""),"
001cs00000Wo9X0AAJ,a1Ics00000G5SdkEAF,,"(""001cs00000Wo9X0AAJ"", ""a1Ics00000G5SdkEAF""),"
001cs00000Wo9X0AAJ,a1Ics00000G5SdiEAF,,"(""001cs00000Wo9X0AAJ"", ""a1Ics00000G5SdiEAF""),"
001cs00000Wo9X0AAJ,a1Ics00000G5SdhEAF,,"(""001cs00000Wo9X0AAJ"", ""a1Ics00000G5SdhEAF""),"
001cs00000Wo8dwAAB,a1Ics00000G5ZjTEAV,,"(""001cs00000Wo8dwAAB"", ""a1Ics00000G5ZjTEAV""),"
001cs00000Wo8dwAAB,a1Ics00000G5ZjREAV,,"(""001cs00000Wo8dwAAB"", ""a1Ics00000G5ZjREAV""),"
001cs00000Wo8dwAAB,a1Ics00000G5ZjPEAV,,"(""001cs00000Wo8dwAAB"", ""a1Ics00000G5ZjPEAV""),"
001cs00000Wo8dwAAB,a1Ics00000G5ZjNEAV,,"(""001cs00000Wo8dwAAB"", ""a1Ics00000G5ZjNEAV""),"
001cs00000Wo8dwAAB,a1Ics00000G5ZjMEAV,,"(""001cs00000Wo8dwAAB"", ""a1Ics00000G5ZjMEAV""),"
001cs00000Wo8dwAAB,a1Ics00000G5ZjLEAV,,"(""001cs00000Wo8dwAAB"", ""a1Ics00000G5ZjLEAV""),"
001cs00000Wo8dwAAB,a1Ics00000G5ZjKEAV,,"(""001cs00000Wo8dwAAB"", ""a1Ics00000G5ZjKEAV""),"
001cs00000Wo8dwAAB,a1Ics00000G5ZjJEAV,,"(""001cs00000Wo8dwAAB"", ""a1Ics00000G5ZjJEAV""),"
001cs00000Wo9pkAAB,a1Ics00000NwYFNEA3,,"(""001cs00000Wo9pkAAB"", ""a1Ics00000NwYFNEA3""),"
001cs00000Wo9pkAAB,a1Ics00000G5SJLEA3,,"(""001cs00000Wo9pkAAB"", ""a1Ics00000G5SJLEA3""),"
001cs00000Wo9pkAAB,a1Ics00000G5SJJEA3,,"(""001cs00000Wo9pkAAB"", ""a1Ics00000G5SJJEA3""),"
001cs00000Wo9pkAAB,a1Ics00000G5SJHEA3,,"(""001cs00000Wo9pkAAB"", ""a1Ics00000G5SJHEA3""),"
001cs00000Wo9pkAAB,a1Ics00000G5SJFEA3,,"(""001cs00000Wo9pkAAB"", ""a1Ics00000G5SJFEA3""),"
001cs00000Wo9pkAAB,a1Ics00000G5SJEEA3,,"(""001cs00000Wo9pkAAB"", ""a1Ics00000G5SJEEA3""),"
001cs00000Wo9pkAAB,a1Ics00000G5SJCEA3,,"(""001cs00000Wo9pkAAB"", ""a1Ics00000G5SJCEA3""),"
001cs00000Wo4VOAAZ,a1Ics00000Mm5K5EAJ,,"(""001cs00000Wo4VOAAZ"", ""a1Ics00000Mm5K5EAJ""),"
001cs00000Wo4VOAAZ,a1Ics00000JRJ5FEAX,,"(""001cs00000Wo4VOAAZ"", ""a1Ics00000JRJ5FEAX""),"
001cs00000Wo4VOAAZ,a1Ics00000G5P4XEAV,,"(""001cs00000Wo4VOAAZ"", ""a1Ics00000G5P4XEAV""),"
001cs00000Wo4VOAAZ,a1Ics00000G5P4VEAV,,"(""001cs00000Wo4VOAAZ"", ""a1Ics00000G5P4VEAV""),"
001cs00000Wo4VOAAZ,a1Ics00000G5P4TEAV,,"(""001cs00000Wo4VOAAZ"", ""a1Ics00000G5P4TEAV""),"
001cs00000Wo4VOAAZ,a1Ics00000G5P4REAV,,"(""001cs00000Wo4VOAAZ"", ""a1Ics00000G5P4REAV""),"
0018y000008f8SeAAI,a1Ics00000HPHQTEA5,,"(""0018y000008f8SeAAI"", ""a1Ics00000HPHQTEA5""),"
0018y000008f8SeAAI,a1I8y00000B57odEAB,,"(""0018y000008f8SeAAI"", ""a1I8y00000B57odEAB""),"
0018y000008f8SeAAI,a1I8y000009ZbrsEAC,,"(""0018y000008f8SeAAI"", ""a1I8y000009ZbrsEAC""),"
0018y000008f8SeAAI,a1I8y000008tCkuEAE,,"(""0018y000008f8SeAAI"", ""a1I8y000008tCkuEAE""),"
0018y000008f8SeAAI,a1I8y000006ulSUEAY,,"(""0018y000008f8SeAAI"", ""a1I8y000006ulSUEAY""),"
0018y000008f8SeAAI,a1I8y000006ulSWEAY,,"(""0018y000008f8SeAAI"", ""a1I8y000006ulSWEAY""),"
001cs00000WoCXlAAN,a1Ics00000NdIKnEAN,,"(""001cs00000WoCXlAAN"", ""a1Ics00000NdIKnEAN""),"
001cs00000WoCXlAAN,a1Ics00000G5VJzEAN,,"(""001cs00000WoCXlAAN"", ""a1Ics00000G5VJzEAN""),"
001cs00000WoCXlAAN,a1Ics00000G5VJxEAN,,"(""001cs00000WoCXlAAN"", ""a1Ics00000G5VJxEAN""),"
001cs00000WoEyOAAV,a1Ics00000GXNflEAH,,"(""001cs00000WoEyOAAV"", ""a1Ics00000GXNflEAH""),"
001cs00000WoEyOAAV,a1Ics00000G5X6CEAV,,"(""001cs00000WoEyOAAV"", ""a1Ics00000G5X6CEAV""),"
001cs00000WoEyOAAV,a1Ics00000G5X6AEAV,,"(""001cs00000WoEyOAAV"", ""a1Ics00000G5X6AEAV""),"
001cs00000WoEyOAAV,a1Ics00000G5X68EAF,,"(""001cs00000WoEyOAAV"", ""a1Ics00000G5X68EAF""),"
001cs00000WoEyOAAV,a1Ics00000G5X66EAF,,"(""001cs00000WoEyOAAV"", ""a1Ics00000G5X66EAF""),"
001cs00000WoEDuAAN,a1Ics00000MMjoDEAT,,"(""001cs00000WoEDuAAN"", ""a1Ics00000MMjoDEAT""),"
001cs00000WoEDuAAN,a1Ics00000G5WP4EAN,,"(""001cs00000WoEDuAAN"", ""a1Ics00000G5WP4EAN""),"
001cs00000WoEDuAAN,a1Ics00000G5WP2EAN,,"(""001cs00000WoEDuAAN"", ""a1Ics00000G5WP2EAN""),"
001cs00000Wo7FjAAJ,a1Ics00000Mm7SLEAZ,,"(""001cs00000Wo7FjAAJ"", ""a1Ics00000Mm7SLEAZ""),"
001cs00000Wo7FjAAJ,a1Ics00000G5QvdEAF,,"(""001cs00000Wo7FjAAJ"", ""a1Ics00000G5QvdEAF""),"
001cs00000Wo7FjAAJ,a1Ics00000G5QvbEAF,,"(""001cs00000Wo7FjAAJ"", ""a1Ics00000G5QvbEAF""),"
001cs00000WoBceAAF,a1Ics00000N0F0DEAV,,"(""001cs00000WoBceAAF"", ""a1Ics00000N0F0DEAV""),"
001cs00000WoBceAAF,a1Ics00000IhkDJEAZ,,"(""001cs00000WoBceAAF"", ""a1Ics00000IhkDJEAZ""),"
001cs00000WoBceAAF,a1Ics00000G5TpBEAV,,"(""001cs00000WoBceAAF"", ""a1Ics00000G5TpBEAV""),"
001cs00000WoBceAAF,a1Ics00000G5TpAEAV,,"(""001cs00000WoBceAAF"", ""a1Ics00000G5TpAEAV""),"
001cs00000WoBceAAF,a1Ics00000G5Tp8EAF,,"(""001cs00000WoBceAAF"", ""a1Ics00000G5Tp8EAF""),"
001cs00000WoBceAAF,a1Ics00000G5Tp7EAF,,"(""001cs00000WoBceAAF"", ""a1Ics00000G5Tp7EAF""),"
001cs00000Wo6YRAAZ,a1Ics00000G5QgdEAF,,"(""001cs00000Wo6YRAAZ"", ""a1Ics00000G5QgdEAF""),"
001cs00000Wo6YRAAZ,a1Ics00000G5QgcEAF,,"(""001cs00000Wo6YRAAZ"", ""a1Ics00000G5QgcEAF""),"
001cs00000Wo6YRAAZ,a1Ics00000G5QgbEAF,,"(""001cs00000Wo6YRAAZ"", ""a1Ics00000G5QgbEAF""),"
001cs00000Wo6YRAAZ,a1Ics00000G5QgaEAF,,"(""001cs00000Wo6YRAAZ"", ""a1Ics00000G5QgaEAF""),"
001cs00000Wo6YRAAZ,a1Ics00000G5QgYEAV,,"(""001cs00000Wo6YRAAZ"", ""a1Ics00000G5QgYEAV""),"
001cs00000WoFnjAAF,a1Ics00000Hgg5tEAB,,"(""001cs00000WoFnjAAF"", ""a1Ics00000Hgg5tEAB""),"
001cs00000WoFnjAAF,a1Ics00000G5XtkEAF,,"(""001cs00000WoFnjAAF"", ""a1Ics00000G5XtkEAF""),"
001cs00000WoFnjAAF,a1Ics00000G5XtiEAF,,"(""001cs00000WoFnjAAF"", ""a1Ics00000G5XtiEAF""),"
001cs00000WoFnjAAF,a1Ics00000G5XthEAF,,"(""001cs00000WoFnjAAF"", ""a1Ics00000G5XthEAF""),"
001cs00000WoFnjAAF,a1Ics00000G5XtfEAF,,"(""001cs00000WoFnjAAF"", ""a1Ics00000G5XtfEAF""),"
001cs00000WoFnjAAF,a1Ics00000G5XtcEAF,,"(""001cs00000WoFnjAAF"", ""a1Ics00000G5XtcEAF""),"
001cs00000WoFnjAAF,a1Ics00000G5XtaEAF,,"(""001cs00000WoFnjAAF"", ""a1Ics00000G5XtaEAF""),"
001cs00000WoFnjAAF,a1Ics00000G5XtZEAV,,"(""001cs00000WoFnjAAF"", ""a1Ics00000G5XtZEAV""),"
001cs00000WoB3CAAV,a1Ics00000ND34TEAT,,"(""001cs00000WoB3CAAV"", ""a1Ics00000ND34TEAT""),"
001cs00000WoB3CAAV,a1Ics00000MGAUzEAP,,"(""001cs00000WoB3CAAV"", ""a1Ics00000MGAUzEAP""),"
001cs00000WoB3CAAV,a1Ics00000LhAo1EAF,,"(""001cs00000WoB3CAAV"", ""a1Ics00000LhAo1EAF""),"
001cs00000WoB3CAAV,a1Ics00000IO8GbEAL,,"(""001cs00000WoB3CAAV"", ""a1Ics00000IO8GbEAL""),"
001cs00000WoB3CAAV,a1Ics00000HkPRREA3,,"(""001cs00000WoB3CAAV"", ""a1Ics00000HkPRREA3""),"
001cs00000WoB3CAAV,a1Ics00000G5ToYEAV,,"(""001cs00000WoB3CAAV"", ""a1Ics00000G5ToYEAV""),"
001cs00000WoB3CAAV,a1Ics00000G5ToaEAF,,"(""001cs00000WoB3CAAV"", ""a1Ics00000G5ToaEAF""),"
001cs00000WoB3CAAV,a1Ics00000G5ToZEAV,,"(""001cs00000WoB3CAAV"", ""a1Ics00000G5ToZEAV""),"
001cs00000WoB3CAAV,a1Ics00000G5ToWEAV,,"(""001cs00000WoB3CAAV"", ""a1Ics00000G5ToWEAV""),"
001cs00000WoB3CAAV,a1Ics00000G5ToVEAV,,"(""001cs00000WoB3CAAV"", ""a1Ics00000G5ToVEAV""),"
001cs00000WoB3CAAV,a1Ics00000G5ToUEAV,,"(""001cs00000WoB3CAAV"", ""a1Ics00000G5ToUEAV""),"
001cs00000WoB3CAAV,a1Ics00000G5ToREAV,,"(""001cs00000WoB3CAAV"", ""a1Ics00000G5ToREAV""),"
001cs00000WoB3CAAV,a1Ics00000G5ToPEAV,,"(""001cs00000WoB3CAAV"", ""a1Ics00000G5ToPEAV""),"
001cs00000WoB3CAAV,a1Ics00000G5ToOEAV,,"(""001cs00000WoB3CAAV"", ""a1Ics00000G5ToOEAV""),"
001cs00000WoB3CAAV,a1Ics00000G5ToNEAV,,"(""001cs00000WoB3CAAV"", ""a1Ics00000G5ToNEAV""),"
001cs00000WoB3CAAV,a1Ics00000G5ToLEAV,,"(""001cs00000WoB3CAAV"", ""a1Ics00000G5ToLEAV""),"
001cs00000WoB3CAAV,a1Ics00000G5ToJEAV,,"(""001cs00000WoB3CAAV"", ""a1Ics00000G5ToJEAV""),"
001cs00000WoB3CAAV,a1Ics00000G5ToHEAV,,"(""001cs00000WoB3CAAV"", ""a1Ics00000G5ToHEAV""),"
001cs00000WoB3CAAV,a1Ics00000G5ToGEAV,,"(""001cs00000WoB3CAAV"", ""a1Ics00000G5ToGEAV""),"
001cs00000Wo7UCAAZ,a1Ics00000G5RdNEAV,,"(""001cs00000Wo7UCAAZ"", ""a1Ics00000G5RdNEAV""),"
001cs00000Wo7UCAAZ,a1Ics00000G5RaBEAV,,"(""001cs00000Wo7UCAAZ"", ""a1Ics00000G5RaBEAV""),"
001cs00000Wo6YSAAZ,a1Ics00000G94kjEAB,,"(""001cs00000Wo6YSAAZ"", ""a1Ics00000G94kjEAB""),"
001cs00000Wo6YSAAZ,a1Ics00000G5QglEAF,,"(""001cs00000Wo6YSAAZ"", ""a1Ics00000G5QglEAF""),"
001cs00000Wo6YSAAZ,a1Ics00000G5QgkEAF,,"(""001cs00000Wo6YSAAZ"", ""a1Ics00000G5QgkEAF""),"
001cs00000Wo6YSAAZ,a1Ics00000G5QgjEAF,,"(""001cs00000Wo6YSAAZ"", ""a1Ics00000G5QgjEAF""),"
001cs00000Wo6YSAAZ,a1Ics00000G5QghEAF,,"(""001cs00000Wo6YSAAZ"", ""a1Ics00000G5QghEAF""),"
001cs00000Wo6YSAAZ,a1Ics00000G5QggEAF,,"(""001cs00000Wo6YSAAZ"", ""a1Ics00000G5QggEAF""),"
001cs00000WoB0lAAF,a1Ics00000NiWzpEAF,,"(""001cs00000WoB0lAAF"", ""a1Ics00000NiWzpEAF""),"
001cs00000WoB0lAAF,a1Ics00000G5TcBEAV,,"(""001cs00000WoB0lAAF"", ""a1Ics00000G5TcBEAV""),"
001cs00000WoB0lAAF,a1Ics00000G5Tc8EAF,,"(""001cs00000WoB0lAAF"", ""a1Ics00000G5Tc8EAF""),"
001cs00000WoB0lAAF,a1Ics00000G5Tc7EAF,,"(""001cs00000WoB0lAAF"", ""a1Ics00000G5Tc7EAF""),"
001cs00000WoB0lAAF,a1Ics00000G5Tc5EAF,,"(""001cs00000WoB0lAAF"", ""a1Ics00000G5Tc5EAF""),"
001cs00000WoB0lAAF,a1Ics00000G5Tc4EAF,,"(""001cs00000WoB0lAAF"", ""a1Ics00000G5Tc4EAF""),"
001cs00000WoB0lAAF,a1Ics00000G5Tc3EAF,,"(""001cs00000WoB0lAAF"", ""a1Ics00000G5Tc3EAF""),"
001cs00000WoB0lAAF,a1Ics00000G5Tc1EAF,,"(""001cs00000WoB0lAAF"", ""a1Ics00000G5Tc1EAF""),"
001cs00000WoB0lAAF,a1Ics00000G5TbyEAF,,"(""001cs00000WoB0lAAF"", ""a1Ics00000G5TbyEAF""),"
001cs00000WoB0lAAF,a1Ics00000G5TbxEAF,,"(""001cs00000WoB0lAAF"", ""a1Ics00000G5TbxEAF""),"
001cs00000WoB0lAAF,a1Ics00000G5TbuEAF,,"(""001cs00000WoB0lAAF"", ""a1Ics00000G5TbuEAF""),"
001cs00000WoB0lAAF,a1Ics00000G5TbtEAF,,"(""001cs00000WoB0lAAF"", ""a1Ics00000G5TbtEAF""),"
001cs00000WoB0lAAF,a1Ics00000G5TbsEAF,,"(""001cs00000WoB0lAAF"", ""a1Ics00000G5TbsEAF""),"
001cs00000WoB0lAAF,a1Ics00000G5TbrEAF,,"(""001cs00000WoB0lAAF"", ""a1Ics00000G5TbrEAF""),"
001cs00000Wo9qpAAB,a1Ics00000QSnhxEAD,,"(""001cs00000Wo9qpAAB"", ""a1Ics00000QSnhxEAD""),"
001cs00000Wo9qpAAB,a1Ics00000G5SPYEA3,,"(""001cs00000Wo9qpAAB"", ""a1Ics00000G5SPYEA3""),"
001cs00000Wo9qpAAB,a1Ics00000G5SPWEA3,,"(""001cs00000Wo9qpAAB"", ""a1Ics00000G5SPWEA3""),"
001cs00000Wo9qpAAB,a1Ics00000G5SPVEA3,,"(""001cs00000Wo9qpAAB"", ""a1Ics00000G5SPVEA3""),"
001cs00000Wo9qpAAB,a1Ics00000G5SPTEA3,,"(""001cs00000Wo9qpAAB"", ""a1Ics00000G5SPTEA3""),"
001cs00000Wo9qpAAB,a1Ics00000G5SPSEA3,,"(""001cs00000Wo9qpAAB"", ""a1Ics00000G5SPSEA3""),"
001cs00000Wo9qpAAB,a1Ics00000G5SPREA3,,"(""001cs00000Wo9qpAAB"", ""a1Ics00000G5SPREA3""),"
001cs00000Wo8wAAAR,a1Ics00000G5a82EAB,,"(""001cs00000Wo8wAAAR"", ""a1Ics00000G5a82EAB""),"
001cs00000Wo8wAAAR,a1Ics00000G5a80EAB,,"(""001cs00000Wo8wAAAR"", ""a1Ics00000G5a80EAB""),"
001cs00000Wo8wAAAR,a1Ics00000G5a7zEAB,,"(""001cs00000Wo8wAAAR"", ""a1Ics00000G5a7zEAB""),"
001cs00000Wo8wAAAR,a1Ics00000G5a7yEAB,,"(""001cs00000Wo8wAAAR"", ""a1Ics00000G5a7yEAB""),"
001cs00000WoCXRAA3,a1Ics00000G5VKZEA3,,"(""001cs00000WoCXRAA3"", ""a1Ics00000G5VKZEA3""),"
001cs00000WoCXRAA3,a1Ics00000G5VKYEA3,,"(""001cs00000WoCXRAA3"", ""a1Ics00000G5VKYEA3""),"
001cs00000WoCXRAA3,a1Ics00000G5VKXEA3,,"(""001cs00000WoCXRAA3"", ""a1Ics00000G5VKXEA3""),"
001cs00000WoCXRAA3,a1Ics00000G5VKWEA3,,"(""001cs00000WoCXRAA3"", ""a1Ics00000G5VKWEA3""),"
001cs00000WoCXRAA3,a1Ics00000G5VKVEA3,,"(""001cs00000WoCXRAA3"", ""a1Ics00000G5VKVEA3""),"
001cs00000WoCXRAA3,a1Ics00000G5VKUEA3,,"(""001cs00000WoCXRAA3"", ""a1Ics00000G5VKUEA3""),"
001cs00000WoCXRAA3,a1Ics00000G5VKSEA3,,"(""001cs00000WoCXRAA3"", ""a1Ics00000G5VKSEA3""),"
001cs00000WoCXRAA3,a1Ics00000G5VKREA3,,"(""001cs00000WoCXRAA3"", ""a1Ics00000G5VKREA3""),"
001cs00000WoCXRAA3,a1Ics00000G5VKQEA3,,"(""001cs00000WoCXRAA3"", ""a1Ics00000G5VKQEA3""),"
001cs00000WoC3kAAF,a1Ics00000G5Uo2EAF,,"(""001cs00000WoC3kAAF"", ""a1Ics00000G5Uo2EAF""),"
001cs00000WoC3kAAF,a1Ics00000G5Uo0EAF,,"(""001cs00000WoC3kAAF"", ""a1Ics00000G5Uo0EAF""),"
001cs00000WoC3kAAF,a1Ics00000G5UnyEAF,,"(""001cs00000WoC3kAAF"", ""a1Ics00000G5UnyEAF""),"
001cs00000WoC3kAAF,a1Ics00000G5UnxEAF,,"(""001cs00000WoC3kAAF"", ""a1Ics00000G5UnxEAF""),"
001cs00000Wo6s5AAB,a1Ics00000G5QOcEAN,,"(""001cs00000Wo6s5AAB"", ""a1Ics00000G5QOcEAN""),"
001cs00000Wo6s5AAB,a1Ics00000G5QObEAN,,"(""001cs00000Wo6s5AAB"", ""a1Ics00000G5QObEAN""),"
001cs00000Wo6s5AAB,a1Ics00000G5QOaEAN,,"(""001cs00000Wo6s5AAB"", ""a1Ics00000G5QOaEAN""),"
001cs00000Wo6s5AAB,a1Ics00000G5QOZEA3,,"(""001cs00000Wo6s5AAB"", ""a1Ics00000G5QOZEA3""),"
001cs00000Wo6s5AAB,a1Ics00000G5QOYEA3,,"(""001cs00000Wo6s5AAB"", ""a1Ics00000G5QOYEA3""),"
001cs00000WoEEaAAN,a1Ics00000IJcvFEAT,,"(""001cs00000WoEEaAAN"", ""a1Ics00000IJcvFEAT""),"
001cs00000WoEEaAAN,a1Ics00000IOpZOEA1,,"(""001cs00000WoEEaAAN"", ""a1Ics00000IOpZOEA1""),"
001cs00000WoEEaAAN,a1Ics00000G5WT7EAN,,"(""001cs00000WoEEaAAN"", ""a1Ics00000G5WT7EAN""),"
001cs00000WoEEaAAN,a1Ics00000G5WT5EAN,,"(""001cs00000WoEEaAAN"", ""a1Ics00000G5WT5EAN""),"
001cs00000WoEEaAAN,a1Ics00000G5WT4EAN,,"(""001cs00000WoEEaAAN"", ""a1Ics00000G5WT4EAN""),"
001cs00000WoFaiAAF,a1Ics00000G5XLfEAN,,"(""001cs00000WoFaiAAF"", ""a1Ics00000G5XLfEAN""),"
001cs00000WoFaiAAF,a1Ics00000G5XLeEAN,,"(""001cs00000WoFaiAAF"", ""a1Ics00000G5XLeEAN""),"
001cs00000WoFaiAAF,a1Ics00000G5XLdEAN,,"(""001cs00000WoFaiAAF"", ""a1Ics00000G5XLdEAN""),"
001cs00000WoB0kAAF,a1Ics00000HRChdEAH,,"(""001cs00000WoB0kAAF"", ""a1Ics00000HRChdEAH""),"
001cs00000WoB0kAAF,a1Ics00000G5TbpEAF,,"(""001cs00000WoB0kAAF"", ""a1Ics00000G5TbpEAF""),"
001cs00000WoB0kAAF,a1Ics00000G5TboEAF,,"(""001cs00000WoB0kAAF"", ""a1Ics00000G5TboEAF""),"
001cs00000WoB0kAAF,a1Ics00000G5TbnEAF,,"(""001cs00000WoB0kAAF"", ""a1Ics00000G5TbnEAF""),"
001cs00000WoB0kAAF,a1Ics00000G5TblEAF,,"(""001cs00000WoB0kAAF"", ""a1Ics00000G5TblEAF""),"
001cs00000WoB0kAAF,a1Ics00000G5TbkEAF,,"(""001cs00000WoB0kAAF"", ""a1Ics00000G5TbkEAF""),"
001cs00000WoB0kAAF,a1Ics00000G5TbhEAF,,"(""001cs00000WoB0kAAF"", ""a1Ics00000G5TbhEAF""),"
001cs00000WoB0kAAF,a1Ics00000G5TbgEAF,,"(""001cs00000WoB0kAAF"", ""a1Ics00000G5TbgEAF""),"
001cs00000WoB0kAAF,a1Ics00000G5TbfEAF,,"(""001cs00000WoB0kAAF"", ""a1Ics00000G5TbfEAF""),"
001cs00000WoB0kAAF,a1Ics00000G5TbeEAF,,"(""001cs00000WoB0kAAF"", ""a1Ics00000G5TbeEAF""),"
001cs00000WoB0kAAF,a1Ics00000G5TbdEAF,,"(""001cs00000WoB0kAAF"", ""a1Ics00000G5TbdEAF""),"
001cs00000WoATWAA3,a1Ics00000JStZjEAL,,"(""001cs00000WoATWAA3"", ""a1Ics00000JStZjEAL""),"
001cs00000WoATWAA3,a1Ics00000G5TanEAF,,"(""001cs00000WoATWAA3"", ""a1Ics00000G5TanEAF""),"
001cs00000WoATWAA3,a1Ics00000G5TamEAF,,"(""001cs00000WoATWAA3"", ""a1Ics00000G5TamEAF""),"
001cs00000WoATWAA3,a1Ics00000G5TalEAF,,"(""001cs00000WoATWAA3"", ""a1Ics00000G5TalEAF""),"
001cs00000WoB3DAAV,a1Ics00000LpTzyEAF,,"(""001cs00000WoB3DAAV"", ""a1Ics00000LpTzyEAF""),"
001cs00000WoB3DAAV,a1Ics00000HffWsEAJ,,"(""001cs00000WoB3DAAV"", ""a1Ics00000HffWsEAJ""),"
001cs00000WoB3DAAV,a1Ics00000G5TojEAF,,"(""001cs00000WoB3DAAV"", ""a1Ics00000G5TojEAF""),"
001cs00000WoB3DAAV,a1Ics00000G5ToiEAF,,"(""001cs00000WoB3DAAV"", ""a1Ics00000G5ToiEAF""),"
001cs00000WoB3DAAV,a1Ics00000G5TogEAF,,"(""001cs00000WoB3DAAV"", ""a1Ics00000G5TogEAF""),"
001cs00000WoB3DAAV,a1Ics00000G5ToeEAF,,"(""001cs00000WoB3DAAV"", ""a1Ics00000G5ToeEAF""),"
001cs00000WoB3DAAV,a1Ics00000G5TodEAF,,"(""001cs00000WoB3DAAV"", ""a1Ics00000G5TodEAF""),"
001cs00000WoB3DAAV,a1Ics00000G5TocEAF,,"(""001cs00000WoB3DAAV"", ""a1Ics00000G5TocEAF""),"
001cs00000WoB3DAAV,a1Ics00000G5TobEAF,,"(""001cs00000WoB3DAAV"", ""a1Ics00000G5TobEAF""),"
001cs00000WoCXmAAN,a1Ics00000G5VK3EAN,,"(""001cs00000WoCXmAAN"", ""a1Ics00000G5VK3EAN""),"
001cs00000WoCXmAAN,a1Ics00000G5VK2EAN,,"(""001cs00000WoCXmAAN"", ""a1Ics00000G5VK2EAN""),"
001cs00000WoCXmAAN,a1Ics00000G5VK1EAN,,"(""001cs00000WoCXmAAN"", ""a1Ics00000G5VK1EAN""),"
001cs00000WoAtZAAV,a1Ics00000G5Tb7EAF,,"(""001cs00000WoAtZAAV"", ""a1Ics00000G5Tb7EAF""),"
001cs00000WoAtZAAV,a1Ics00000G5Tb6EAF,,"(""001cs00000WoAtZAAV"", ""a1Ics00000G5Tb6EAF""),"
001cs00000WoAtZAAV,a1Ics00000G5Tb5EAF,,"(""001cs00000WoAtZAAV"", ""a1Ics00000G5Tb5EAF""),"
001cs00000Wo8vFAAR,a1Ics00000G5a2yEAB,,"(""001cs00000Wo8vFAAR"", ""a1Ics00000G5a2yEAB""),"
001cs00000Wo8vFAAR,a1Ics00000G5a2xEAB,,"(""001cs00000Wo8vFAAR"", ""a1Ics00000G5a2xEAB""),"
001cs00000Wo8vFAAR,a1Ics00000G5a2wEAB,,"(""001cs00000Wo8vFAAR"", ""a1Ics00000G5a2wEAB""),"
001cs00000Wo8vFAAR,a1Ics00000G5a2vEAB,,"(""001cs00000Wo8vFAAR"", ""a1Ics00000G5a2vEAB""),"
001cs00000WoDChAAN,a1Ics00000G5VRNEA3,,"(""001cs00000WoDChAAN"", ""a1Ics00000G5VRNEA3""),"
001cs00000WoDChAAN,a1Ics00000G5VRMEA3,,"(""001cs00000WoDChAAN"", ""a1Ics00000G5VRMEA3""),"
001cs00000WoDChAAN,a1Ics00000G5VRLEA3,,"(""001cs00000WoDChAAN"", ""a1Ics00000G5VRLEA3""),"
001cs00000WoCKBAA3,a1Ics00000G5V6aEAF,,"(""001cs00000WoCKBAA3"", ""a1Ics00000G5V6aEAF""),"
001cs00000WoCKBAA3,a1Ics00000G5V6ZEAV,,"(""001cs00000WoCKBAA3"", ""a1Ics00000G5V6ZEAV""),"
001cs00000WoCKBAA3,a1Ics00000G5V6YEAV,,"(""001cs00000WoCKBAA3"", ""a1Ics00000G5V6YEAV""),"
001cs00000WoC6KAAV,a1Ics00000G5UzQEAV,,"(""001cs00000WoC6KAAV"", ""a1Ics00000G5UzQEAV""),"
001cs00000WoC6KAAV,a1Ics00000G5UzPEAV,,"(""001cs00000WoC6KAAV"", ""a1Ics00000G5UzPEAV""),"
001cs00000WoB35AAF,a1Ics00000Rr3wIEAR,,"(""001cs00000WoB35AAF"", ""a1Ics00000Rr3wIEAR""),"
001cs00000WoB35AAF,a1Ics00000OLN3pEAH,,"(""001cs00000WoB35AAF"", ""a1Ics00000OLN3pEAH""),"
001cs00000WoB35AAF,a1Ics00000M0VdREAV,,"(""001cs00000WoB35AAF"", ""a1Ics00000M0VdREAV""),"
001cs00000WoB35AAF,a1Ics00000G5TngEAF,,"(""001cs00000WoB35AAF"", ""a1Ics00000G5TngEAF""),"
001cs00000WoB35AAF,a1Ics00000G5TnfEAF,,"(""001cs00000WoB35AAF"", ""a1Ics00000G5TnfEAF""),"
001cs00000WoFnyAAF,a1Ics00000RRiJxEAL,,"(""001cs00000WoFnyAAF"", ""a1Ics00000RRiJxEAL""),"
001cs00000WoFnyAAF,a1Ics00000G5XvXEAV,,"(""001cs00000WoFnyAAF"", ""a1Ics00000G5XvXEAV""),"
001cs00000WoFnyAAF,a1Ics00000G5XvWEAV,,"(""001cs00000WoFnyAAF"", ""a1Ics00000G5XvWEAV""),"
001cs00000WoB2VAAV,a1Ics00000G5TnIEAV,,"(""001cs00000WoB2VAAV"", ""a1Ics00000G5TnIEAV""),"
001cs00000WoB2VAAV,a1Ics00000G5TnHEAV,,"(""001cs00000WoB2VAAV"", ""a1Ics00000G5TnHEAV""),"
001cs00000WoGexAAF,a1Ics00000NX8SzEAL,,"(""001cs00000WoGexAAF"", ""a1Ics00000NX8SzEAL""),"
001cs00000WoGexAAF,a1Ics00000G5YKgEAN,,"(""001cs00000WoGexAAF"", ""a1Ics00000G5YKgEAN""),"
001cs00000WoGexAAF,a1Ics00000G5YKfEAN,,"(""001cs00000WoGexAAF"", ""a1Ics00000G5YKfEAN""),"
001cs00000WoGexAAF,a1Ics00000G5YKeEAN,"(""001cs00000WoDzyAAF"", ""a1Ics00000JYaxNEAT""),","(""001cs00000WoDzyAAF"", ""a1Ics00000JYaxNEAT""),"
001cs00000Wo9AKAAZ,a1Ics00000SHVP3EAP,"(""001cs00000WoDzyAAF"", ""a1Ics00000K9I0bEAF""),","(""001cs00000WoDzyAAF"", ""a1Ics00000K9I0bEAF""),"
001cs00000WoB37AAF,a1Ics00000Sl4b7EAB,"(""001cs00000WoDzyAAF"", ""a1Ics00000G5WG4EAN""),","(""001cs00000WoDzyAAF"", ""a1Ics00000G5WG4EAN""),"
001cs00000WoB38AAF,a1Ics00000Pn0BnEAJ,"(""001cs00000WoDzkAAF"", ""a1Ics00000JZ6cIEAT""),","(""001cs00000WoDzkAAF"", ""a1Ics00000JZ6cIEAT""),"
001cs00000Wo540AAB,a1Ics00000RaIOfEAN,"(""001cs00000WoDzkAAF"", ""a1Ics00000KK4WzEAL""),","(""001cs00000WoDzkAAF"", ""a1Ics00000KK4WzEAL""),"
001cs00000WoC3jAAF,a1Ics00000SQ4sfEAD,"(""001cs00000WoDzkAAF"", ""a1Ics00000G5WFiEAN""),","(""001cs00000WoDzkAAF"", ""a1Ics00000G5WFiEAN""),"
001cs00000Wo8dzAAB,a1Ics00000G5ZjpEAF,"(""001cs00000WoAt6AAF"", ""a1Ics00000I3XUfEAN""),","(""001cs00000WoAt6AAF"", ""a1Ics00000I3XUfEAN""),"
001cs00000Wo5H5AAJ,a1Ics00000Qw0LdEAJ,"(""001cs00000WoCLPAA3"", ""a1Ics00000G5VAQEA3""),","(""001cs00000WoCLPAA3"", ""a1Ics00000G5VAQEA3""),"
001cs00000Wo9X0AAJ,a1Ics00000Sj2GsEAJ,"(""001cs00000WoCLPAA3"", ""a1Ics00000G5VAPEA3""),","(""001cs00000WoCLPAA3"", ""a1Ics00000G5VAPEA3""),"
001cs00000WoEDuAAN,a1Ics00000QvwczEAB,"(""001cs00000WoBr1AAF"", ""a1Ics00000NrcQ6EAJ""),","(""001cs00000WoBr1AAF"", ""a1Ics00000NrcQ6EAJ""),"
001cs00000WoB3CAAV,a1Ics00000SIgYXEA1,"(""001cs00000WoBr1AAF"", ""a1Ics00000NrcbUEAR""),","(""001cs00000WoBr1AAF"", ""a1Ics00000NrcbUEAR""),"
001cs00000WoB3CAAV,a1Ics00000RcsxVEAR,"(""001cs00000WoBr1AAF"", ""a1Ics00000G5ULBEA3""),","(""001cs00000WoBr1AAF"", ""a1Ics00000G5ULBEA3""),"
001cs00000WoB0lAAF,a1Ics00000Sx6yvEAB,"(""001cs00000Wo8OtAAJ"", ""a1Ics00000G7SxdEAF""),","(""001cs00000Wo8OtAAJ"", ""a1Ics00000G7SxdEAF""),"
001cs00000WoCXRAA3,a1Ics00000M9NOwEAN,"(""001cs00000Wo8OtAAJ"", ""a1Ics00000G5ZtgEAF""),","(""001cs00000Wo8OtAAJ"", ""a1Ics00000G5ZtgEAF""),"
